title,company,location,scraped_at,skills
Python Developer with TAS or OCP,Delviom LLC,"Charlotte, NC 28202  (Third Ward area)",2025-12-15T17:22:42.953465,['python']
Python Developer,Vibotek LLC,"Jersey City, NJ",2025-12-15T17:22:42.991857,['python']
Python Developer,Fixity Technologies LLC,"Irvine, CA",2025-12-15T17:22:43.052673,['python']
Python Developer,Demo,"Panama City, FL 32404",2025-12-15T17:22:43.131742,['python']
Sr. Python Developer,Blueprint Consulting Services,"Bellevue, WA 98004  (Downtown area)",2025-12-15T17:22:43.167552,['python']
315 - Principal Python Software Developer,ARSIEM,"Fort Meade, MD",2025-12-15T17:22:43.201802,['python']
Principal Python Software Developer - Dept 20 - 315,Que Technology Group,"Fort Meade, MD",2025-12-15T17:22:43.236543,['python']
"Python Developer- Jersey City, NJ","Career Mentors, LLC","Hybrid work in Jersey City, NJ 07032",2025-12-15T17:22:43.267656,['python']
Senior Staff Python Engineer,Astra,"Alameda, CA 94501  (Alameda Point area)",2025-12-15T17:22:43.299421,['python']
Python Developer,ITR,"Oak Ridge, TN",2025-12-15T17:22:43.353570,['python']
Python Developer,Sonoma Consulting Inc.,"Princeton, NJ",2025-12-15T17:22:43.461558,['python']
Python Developer (GC--USC),Sonsoft Inc,"Princeton, NJ",2025-12-15T17:22:43.500202,['python']
Systems Developer - Python Developer,Exceptional Innovation,"Westerville, OH 43082",2025-12-15T17:22:43.538745,['python']
Python Developer,Nitor Infotech,"San Francisco, CA 94103  (South Of Market area)",2025-12-15T17:22:43.571165,['python']
